http://www.nyc.gov/html/nypd/downloads/pdf/crime_statistics/cspbms.pdf,Manhattan South
http://www.nyc.gov/html/nypd/downloads/pdf/crime_statistics/cspbmn.pdf,Manhattan North
http://www.nyc.gov/html/nypd/downloads/pdf/crime_statistics/cs001pct.pdf,1st Precinct
http://www.nyc.gov/html/nypd/downloads/pdf/crime_statistics/cs019pct.pdf,19th Precinct
http://www.nyc.gov/html/nypd/downloads/pdf/crime_statistics/cs005pct.pdf,5th Precinct
http://www.nyc.gov/html/nypd/downloads/pdf/crime_statistics/cs020pct.pdf,20th Precinct
http://www.nyc.gov/html/nypd/downloads/pdf/crime_statistics/cs006pct.pdf,6th Precinct
http://www.nyc.gov/html/nypd/downloads/pdf/crime_statistics/cs022pct.pdf,Central Park Precinct
http://www.nyc.gov/html/nypd/downloads/pdf/crime_statistics/cs007pct.pdf,7th Precinct
http://www.nyc.gov/html/nypd/downloads/pdf/crime_statistics/cs023pct.pdf,23rd Precinct
http://www.nyc.gov/html/nypd/downloads/pdf/crime_statistics/cs009pct.pdf,9th Precinct
http://www.nyc.gov/html/nypd/downloads/pdf/crime_statistics/cs024pct.pdf,24th Precinct
http://www.nyc.gov/html/nypd/downloads/pdf/crime_statistics/cs010pct.pdf,10th Precinct
http://www.nyc.gov/html/nypd/downloads/pdf/crime_statistics/cs025pct.pdf,25th Precinct
http://www.nyc.gov/html/nypd/downloads/pdf/crime_statistics/cs013pct.pdf,13th Precinct
http://www.nyc.gov/html/nypd/downloads/pdf/crime_statistics/cs026pct.pdf,26th Precinct
http://www.nyc.gov/html/nypd/downloads/pdf/crime_statistics/cs014pct.pdf,Midtown South Precinct
http://www.nyc.gov/html/nypd/downloads/pdf/crime_statistics/cs028pct.pdf,28th Precinct
http://www.nyc.gov/html/nypd/downloads/pdf/crime_statistics/cs017pct.pdf,17th Precinct
http://www.nyc.gov/html/nypd/downloads/pdf/crime_statistics/cs030pct.pdf,30th Precinct
http://www.nyc.gov/html/nypd/downloads/pdf/crime_statistics/cs018pct.pdf,Midtown North Precinct
http://www.nyc.gov/html/nypd/downloads/pdf/crime_statistics/cs032pct.pdf,32nd Precinct
http://www.nyc.gov/html/nypd/downloads/pdf/crime_statistics/cs033pct.pdf,33rd Precinct
http://www.nyc.gov/html/nypd/downloads/pdf/crime_statistics/cs034pct.pdf,34th Precinct
http://www.nyc.gov/html/nypd/downloads/pdf/crime_statistics/cspbbs.pdf,Brooklyn South
http://www.nyc.gov/html/nypd/downloads/pdf/crime_statistics/cspbbn.pdf,Brooklyn North
http://www.nyc.gov/html/nypd/downloads/pdf/crime_statistics/cs060pct.pdf,60th Precinct
http://www.nyc.gov/html/nypd/downloads/pdf/crime_statistics/cs073pct.pdf,73rd Precinct
http://www.nyc.gov/html/nypd/downloads/pdf/crime_statistics/cs061pct.pdf,61st Precinct
http://www.nyc.gov/html/nypd/downloads/pdf/crime_statistics/cs075pct.pdf,75th Precinct
http://www.nyc.gov/html/nypd/downloads/pdf/crime_statistics/cs062pct.pdf,62nd Precinct
http://www.nyc.gov/html/nypd/downloads/pdf/crime_statistics/cs077pct.pdf,77th Precinct
http://www.nyc.gov/html/nypd/downloads/pdf/crime_statistics/cs063pct.pdf,63rd Precinct
http://www.nyc.gov/html/nypd/downloads/pdf/crime_statistics/cs079pct.pdf,79th Precinct
http://www.nyc.gov/html/nypd/downloads/pdf/crime_statistics/cs066pct.pdf,66th Precinct
http://www.nyc.gov/html/nypd/downloads/pdf/crime_statistics/cs081pct.pdf,81st Precinct
http://www.nyc.gov/html/nypd/downloads/pdf/crime_statistics/cs067pct.pdf,67th Precinct
http://www.nyc.gov/html/nypd/downloads/pdf/crime_statistics/cs083pct.pdf,83rd Precinct
http://www.nyc.gov/html/nypd/downloads/pdf/crime_statistics/cs068pct.pdf,68th Precinct
http://www.nyc.gov/html/nypd/downloads/pdf/crime_statistics/cs084pct.pdf,84th Precinct
http://www.nyc.gov/html/nypd/downloads/pdf/crime_statistics/cs069pct.pdf,69th Precinct
http://www.nyc.gov/html/nypd/downloads/pdf/crime_statistics/cs088pct.pdf,88th Precinct
http://www.nyc.gov/html/nypd/downloads/pdf/crime_statistics/cs070pct.pdf,70th Precinct
http://www.nyc.gov/html/nypd/downloads/pdf/crime_statistics/cs090pct.pdf,90th Precinct
http://www.nyc.gov/html/nypd/downloads/pdf/crime_statistics/cs071pct.pdf,71st Precinct
http://www.nyc.gov/html/nypd/downloads/pdf/crime_statistics/cs094pct.pdf,94th Precinct
http://www.nyc.gov/html/nypd/downloads/pdf/crime_statistics/cs072pct.pdf,72nd Precinct
http://www.nyc.gov/html/nypd/downloads/pdf/crime_statistics/cs076pct.pdf,76th Precinct
http://www.nyc.gov/html/nypd/downloads/pdf/crime_statistics/cs078pct.pdf,78th Precinct
http://www.nyc.gov/html/nypd/downloads/pdf/crime_statistics/cspbqs.pdf,Queens South
http://www.nyc.gov/html/nypd/downloads/pdf/crime_statistics/cspbqn.pdf,Queens North
http://www.nyc.gov/html/nypd/downloads/pdf/crime_statistics/cs100pct.pdf,100th Precinct
http://www.nyc.gov/html/nypd/downloads/pdf/crime_statistics/cs104pct.pdf,104th Precinct
http://www.nyc.gov/html/nypd/downloads/pdf/crime_statistics/cs101pct.pdf,101st Precinct
http://www.nyc.gov/html/nypd/downloads/pdf/crime_statistics/cs108pct.pdf,108th Precinct
http://www.nyc.gov/html/nypd/downloads/pdf/crime_statistics/cs102pct.pdf,102nd Precinct
http://www.nyc.gov/html/nypd/downloads/pdf/crime_statistics/cs109pct.pdf,109th Precinct
http://www.nyc.gov/html/nypd/downloads/pdf/crime_statistics/cs103pct.pdf,103rd Precinct
http://www.nyc.gov/html/nypd/downloads/pdf/crime_statistics/cs110pct.pdf,110th Precinct
http://www.nyc.gov/html/nypd/downloads/pdf/crime_statistics/cs105pct.pdf,105th Precinct
http://www.nyc.gov/html/nypd/downloads/pdf/crime_statistics/cs111pct.pdf,111th Precinct
http://www.nyc.gov/html/nypd/downloads/pdf/crime_statistics/cs106pct.pdf,106th Precinct
http://www.nyc.gov/html/nypd/downloads/pdf/crime_statistics/cs112pct.pdf,112th Precinct
http://www.nyc.gov/html/nypd/downloads/pdf/crime_statistics/cs107pct.pdf,107th Precinct
http://www.nyc.gov/html/nypd/downloads/pdf/crime_statistics/cs114pct.pdf,114th Precinct
http://www.nyc.gov/html/nypd/downloads/pdf/crime_statistics/cs113pct.pdf,113th Precinct
http://www.nyc.gov/html/nypd/downloads/pdf/crime_statistics/cs115pct.pdf,115th Precinct
http://www.nyc.gov/html/nypd/downloads/pdf/crime_statistics/cspbbx.pdf,Bronx
http://www.nyc.gov/html/nypd/downloads/pdf/crime_statistics/cspbsi.pdf,Staten Island
http://www.nyc.gov/html/nypd/downloads/pdf/crime_statistics/cs040pct.pdf,40th Precinct
http://www.nyc.gov/html/nypd/downloads/pdf/crime_statistics/cs120pct.pdf,120th Precinct
http://www.nyc.gov/html/nypd/downloads/pdf/crime_statistics/cs041pct.pdf,41st Precinct
http://www.nyc.gov/html/nypd/downloads/pdf/crime_statistics/cs122pct.pdf,122nd Precinct
http://www.nyc.gov/html/nypd/downloads/pdf/crime_statistics/cs042pct.pdf,42nd Precinct
http://www.nyc.gov/html/nypd/downloads/pdf/crime_statistics/cs123pct.pdf,123rd Precinct
http://www.nyc.gov/html/nypd/downloads/pdf/crime_statistics/cs043pct.pdf,43rd Precinct
http://www.nyc.gov/html/nypd/downloads/pdf/crime_statistics/cs044pct.pdf,44th Precinct
http://www.nyc.gov/html/nypd/downloads/pdf/crime_statistics/cs045pct.pdf,45th Precinct
http://www.nyc.gov/html/nypd/downloads/pdf/crime_statistics/cs046pct.pdf,46th Precinct
http://www.nyc.gov/html/nypd/downloads/pdf/crime_statistics/cs047pct.pdf,47th Precinct
http://www.nyc.gov/html/nypd/downloads/pdf/crime_statistics/cs048pct.pdf,48th Precinct
http://www.nyc.gov/html/nypd/downloads/pdf/crime_statistics/cs049pct.pdf,49th Precinct
http://www.nyc.gov/html/nypd/downloads/pdf/crime_statistics/cs050pct.pdf,50th Precinct
http://www.nyc.gov/html/nypd/downloads/pdf/crime_statistics/cs052pct.pdf,52nd Precinct
